0,1,2,3,4
33.1264969,-117.3273542,-20.184,0.167,0.19
33.1264969,-117.3273541,-20.146,0.178,0.19
33.1264968,-117.3273541,-20.102,0.162,0.2
33.1264967,-117.3273541,-20.088,0.161,0.19
33.1264967,-117.3273542,-20.091,0.182,0.19
33.1264967,-117.3273543,-20.089,0.194,0.2
33.1264967,-117.3273544,-20.075,0.203,0.21
33.1264967,-117.3273545,-20.068,0.217,0.22
33.1264967,-117.3273547,-20.048,0.236,0.24
33.1264967,-117.3273549,-20.036,0.264,0.26
33.1264967,-117.3273551,-20.035,0.284,0.28
33.1264968,-117.3273554,-20.035,0.318,0.3
33.1264969,-117.3273557,-20.041,0.378,0.33
33.1264969,-117.3273562,-20.03,0.459,0.39
33.126497,-117.3273566,-20.023,0.535,0.47
33.1264971,-117.3273571,-20.037,0.584,0.54
33.1264972,-117.3273575,-20.039,0.619,0.59
33.1264973,-117.3273579,-20.041,0.676,0.63
33.1264974,-117.3273584,-20.054,0.726,0.68
33.1264976,-117.3273589,-20.071,0.748,0.73
33.1264977,-117.3273591,-20.079,0.724,0.75
33.1264979,-117.3273595,-20.09,0.746,0.73
33.126498,-117.32736,-20.118,0.782,0.75
33.1264983,-117.3273604,-20.156,0.812,0.79
33.1264986,-117.3273608,-20.147,0.811,0.82
33.1264989,-117.3273613,-20.17,0.86,0.82
33.1264993,-117.327362,-20.204,0.94,0.87
33.1264998,-117.3273627,-20.194,0.998,0.94
33.1265005,-117.3273631,-20.127,1.007,1.0
33.1265011,-117.3273635,-20.099,1.022,1.01
33.1265017,-117.3273639,-20.142,1.039,1.03
33.126502,-117.327364,-20.23,1.013,1.04
33.1265025,-117.3273644,-20.293,1.029,1.02
33.1265032,-117.3273649,-20.279,1.041,1.03
33.1265043,-117.3273652,-20.237,1.011,1.04
33.1265052,-117.3273654,-20.231,1.014,1.01
33.1265058,-117.3273656,-20.263,1.018,1.02
33.126506,-117.3273659,-20.307,1.012,1.02
33.1265067,-117.3273663,-20.285,1.055,1.01
33.1265076,-117.3273667,-20.255,1.094,1.06
33.1265083,-117.3273669,-20.259,1.093,1.1
33.126509,-117.3273671,-20.238,1.108,1.1
33.1265096,-117.3273676,-20.196,1.148,1.11
33.1265102,-117.3273679,-20.223,1.172,1.15
33.1265107,-117.3273682,-20.234,1.146,1.17
33.1265114,-117.3273685,-20.216,1.14,1.15
33.1265119,-117.3273687,-20.215,1.127,1.14
33.1265127,-117.3273692,-20.239,1.163,1.13
33.1265134,-117.3273696,-20.273,1.22,1.16
33.1265142,-117.3273697,-20.302,1.243,1.22
33.1265149,-117.3273698,-20.315,1.239,1.24
33.1265157,-117.3273699,-20.346,1.257,1.24
33.1265166,-117.3273702,-20.334,1.305,1.26
33.1265172,-117.3273705,-20.335,1.312,1.31
33.1265177,-117.3273707,-20.381,1.301,1.31
33.1265183,-117.3273708,-20.436,1.265,1.3
33.126519,-117.3273704,-20.621,1.233,1.27
33.1265199,-117.3273701,-20.765,1.268,1.23
33.1265205,-117.3273699,-20.858,1.274,1.27
33.1265213,-117.3273701,-20.851,1.321,1.27
33.1265223,-117.3273703,-20.861,1.386,1.32
33.1265231,-117.3273708,-20.804,1.416,1.39
33.1265237,-117.3273711,-20.829,1.425,1.42
33.1265241,-117.3273713,-20.832,1.416,1.43
33.1265246,-117.3273718,-20.744,1.398,1.42
33.1265255,-117.3273723,-20.641,1.42,1.4
33.1265264,-117.3273729,-20.544,1.424,1.42
33.1265274,-117.3273735,-20.43,1.444,1.43
33.126528,-117.3273741,-20.288,1.427,1.45
33.1265284,-117.3273747,-20.153,1.418,1.43
33.1265287,-117.3273754,-20.0,1.397,1.42
33.1265293,-117.3273757,-19.951,1.387,1.4
33.12653,-117.3273763,-19.828,1.406,1.39
33.1265309,-117.3273768,-19.714,1.416,1.41
33.1265318,-117.3273772,-19.658,1.43,1.42
33.1265324,-117.3273773,-19.683,1.42,1.43
33.126533,-117.3273776,-19.633,1.402,1.42
33.1265339,-117.327378,-19.587,1.418,1.4
33.1265347,-117.3273785,-19.522,1.435,1.42
33.1265354,-117.3273786,-19.512,1.455,1.44
33.1265361,-117.3273789,-19.5,1.483,1.46
33.1265365,-117.327379,-19.493,1.46,1.48
33.1265371,-117.3273793,-19.459,1.459,1.46
33.1265377,-117.3273796,-19.431,1.455,1.46
33.1265385,-117.3273797,-19.427,1.439,1.44
33.1265392,-117.3273799,-19.419,1.423,1.44
33.1265398,-117.3273802,-19.445,1.425,1.42
33.1265406,-117.3273806,-19.411,1.418,1.43
33.1265413,-117.327381,-19.373,1.403,1.42
33.126542,-117.3273813,-19.366,1.426,1.4
33.1265426,-117.3273817,-19.324,1.466,1.43
33.1265432,-117.327382,-19.28,1.48,1.47
33.1265442,-117.3273825,-19.229,1.508,1.48
33.126545,-117.3273828,-19.18,1.517,1.51
33.1265459,-117.3273832,-19.163,1.535,1.52
33.1265462,-117.3273835,-19.184,1.514,1.54
33.1265468,-117.3273839,-19.184,1.474,1.52
33.1265477,-117.3273844,-19.193,1.456,1.47
33.1265488,-117.3273847,-19.14,1.483,1.46
33.1265501,-117.3273852,-19.131,1.578,1.48
33.126551,-117.3273857,-19.131,1.603,1.58
33.1265515,-117.327386,-19.094,1.575,1.6
33.1265522,-117.3273863,-19.058,1.573,1.58
33.1265529,-117.3273866,-19.038,1.574,1.57
33.1265539,-117.3273871,-19.047,1.579,1.58
33.1265549,-117.3273877,-19.052,1.582,1.58
33.1265557,-117.3273881,-19.036,1.546,1.58
33.1265567,-117.3273885,-19.029,1.545,1.55
33.1265576,-117.327389,-18.997,1.564,1.55
33.1265584,-117.3273894,-18.977,1.593,1.57
33.1265589,-117.3273897,-18.938,1.59,1.59
33.1265596,-117.3273901,-18.915,1.613,1.59
33.1265603,-117.3273904,-18.928,1.632,1.62
33.1265611,-117.3273908,-18.923,1.638,1.63
33.1265617,-117.3273911,-18.903,1.62,1.64
33.1265625,-117.3273915,-18.926,1.608,1.62
33.1265634,-117.3273921,-18.962,1.623,1.61
33.1265645,-117.3273927,-18.994,1.651,1.62
33.1265654,-117.3273929,-18.979,1.659,1.65
33.1265662,-117.3273933,-18.94,1.684,1.66
33.1265673,-117.3273938,-18.962,1.727,1.69
33.1265679,-117.3273941,-18.97,1.723,1.73
33.1265681,-117.3273943,-18.967,1.685,1.72
33.1265691,-117.3273947,-18.967,1.69,1.69
33.1265699,-117.327395,-19.017,1.649,1.69
33.1265702,-117.3273952,-19.069,1.578,1.65
33.1265707,-117.3273955,-19.129,1.545,1.58
33.1265713,-117.3273957,-19.208,1.543,1.55
33.1265718,-117.3273961,-19.25,1.551,1.54
33.1265723,-117.3273963,-19.318,1.573,1.55
33.1265727,-117.3273964,-19.378,1.57,1.57
33.126573,-117.3273966,-19.417,1.552,1.57
33.1265733,-117.3273969,-19.452,1.534,1.55
33.1265735,-117.3273971,-19.486,1.498,1.53
33.1265738,-117.3273973,-19.519,1.462,1.5
33.1265743,-117.3273976,-19.542,1.458,1.46
33.1265748,-117.3273979,-19.541,1.453,1.46
33.1265753,-117.3273981,-19.602,1.486,1.45
33.1265758,-117.3273982,-19.684,1.501,1.49
33.1265765,-117.3273985,-19.75,1.547,1.5
33.1265767,-117.3273986,-19.839,1.539,1.55
33.1265765,-117.3273986,-19.874,1.506,1.54
33.1265762,-117.3273988,-19.881,1.443,1.51
33.1265764,-117.327399,-19.925,1.417,1.44
33.1265766,-117.3273993,-19.936,1.396,1.42
33.1265771,-117.3273997,-19.928,1.421,1.4
33.1265774,-117.3273999,-19.929,1.406,1.42
33.1265779,-117.3274002,-19.919,1.402,1.41
33.1265785,-117.3274006,-19.915,1.415,1.4
33.1265791,-117.3274009,-19.917,1.436,1.42
33.12658,-117.3274011,-19.897,1.447,1.44
33.1265806,-117.3274013,-19.849,1.416,1.45
33.1265811,-117.3274017,-19.809,1.417,1.42
33.1265818,-117.3274021,-19.817,1.434,1.42
33.1265824,-117.3274024,-19.859,1.425,1.44
33.1265832,-117.3274027,-19.849,1.398,1.43
33.126584,-117.3274031,-19.789,1.381,1.4
33.1265851,-117.3274037,-19.743,1.417,1.38
33.126586,-117.3274041,-19.736,1.455,1.42
33.1265868,-117.3274043,-19.74,1.485,1.46
33.1265877,-117.3274046,-19.644,1.468,1.49
33.1265888,-117.3274052,-19.523,1.467,1.47
33.1265896,-117.3274056,-19.482,1.452,1.47
33.1265905,-117.327406,-19.501,1.468,1.45
33.1265912,-117.3274064,-19.496,1.434,1.47
33.1265919,-117.3274069,-19.511,1.426,1.44
33.1265928,-117.3274074,-19.52,1.438,1.43
33.1265935,-117.3274079,-19.494,1.452,1.44
33.1265939,-117.3274085,-19.445,1.47,1.45
33.1265944,-117.327409,-19.403,1.462,1.47
33.1265951,-117.3274095,-19.399,1.491,1.46
33.1265958,-117.32741,-19.364,1.521,1.49
33.1265966,-117.3274105,-19.323,1.51,1.52
33.1265972,-117.3274108,-19.314,1.458,1.51
33.1265978,-117.327411,-19.302,1.408,1.46
33.1265987,-117.3274115,-19.326,1.434,1.41
33.1265996,-117.3274119,-19.329,1.469,1.43
33.1265999,-117.3274121,-19.341,1.43,1.47
33.1266,-117.3274121,-19.403,1.36,1.43
33.1266007,-117.3274122,-19.439,1.352,1.36
33.1266013,-117.3274124,-19.48,1.347,1.35
33.1266019,-117.3274129,-19.543,1.42,1.35
33.1266026,-117.3274132,-19.556,1.435,1.42
33.1266031,-117.3274134,-19.539,1.394,1.43
33.1266038,-117.3274137,-19.539,1.392,1.39
33.1266047,-117.3274141,-19.524,1.417,1.39
33.1266054,-117.3274146,-19.541,1.431,1.42
33.1266063,-117.327415,-19.542,1.441,1.43
33.126607,-117.3274153,-19.529,1.416,1.44
33.1266075,-117.3274157,-19.5,1.404,1.42
33.1266082,-117.3274163,-19.455,1.43,1.4
33.1266088,-117.3274167,-19.442,1.439,1.43
33.126609,-117.3274169,-19.442,1.399,1.44
33.1266098,-117.3274171,-19.415,1.379,1.4
33.1266105,-117.3274174,-19.397,1.336,1.38
33.1266111,-117.3274179,-19.393,1.34,1.34
33.126612,-117.3274184,-19.365,1.346,1.34
33.1266128,-117.3274187,-19.327,1.362,1.35
33.1266134,-117.327419,-19.343,1.371,1.36
33.1266144,-117.3274193,-19.357,1.418,1.37
33.1266151,-117.3274197,-19.347,1.434,1.42
33.1266159,-117.32742,-19.307,1.426,1.43
33.1266167,-117.3274204,-19.302,1.431,1.43
33.1266176,-117.3274209,-19.298,1.469,1.43
33.1266181,-117.3274212,-19.281,1.422,1.47
33.1266188,-117.3274218,-19.292,1.431,1.42
33.1266198,-117.3274222,-19.314,1.43,1.43
33.1266206,-117.3274225,-19.296,1.4,1.43
33.1266213,-117.3274228,-19.26,1.372,1.4
33.1266221,-117.3274232,-19.244,1.396,1.37
33.1266227,-117.3274237,-19.266,1.418,1.4
33.1266233,-117.327424,-19.306,1.425,1.42
33.1266241,-117.3274243,-19.339,1.442,1.43
33.126625,-117.3274247,-19.347,1.445,1.44
33.1266258,-117.3274251,-19.32,1.437,1.45
33.1266267,-117.3274256,-19.276,1.454,1.44
33.1266272,-117.3274261,-19.298,1.44,1.45
33.1266279,-117.3274265,-19.343,1.446,1.44
33.1266287,-117.3274267,-19.348,1.432,1.45
33.1266295,-117.3274271,-19.393,1.433,1.43
33.1266301,-117.3274276,-19.428,1.46,1.43
33.1266309,-117.3274279,-19.43,1.488,1.46
33.1266316,-117.3274283,-19.423,1.497,1.49
33.1266323,-117.3274287,-19.455,1.488,1.5
33.1266331,-117.3274291,-19.486,1.452,1.49
33.1266334,-117.3274294,-19.513,1.396,1.45
33.1266339,-117.3274298,-19.523,1.354,1.4
33.1266345,-117.3274303,-19.525,1.336,1.35
33.1266352,-117.3274306,-19.558,1.348,1.34
33.1266358,-117.3274309,-19.583,1.352,1.35
33.1266369,-117.3274313,-19.546,1.409,1.35
33.1266379,-117.3274319,-19.508,1.473,1.41
33.1266386,-117.3274324,-19.511,1.484,1.47
33.1266393,-117.3274327,-19.528,1.466,1.48
33.1266399,-117.327433,-19.538,1.464,1.47
33.1266404,-117.3274333,-19.548,1.435,1.46
33.1266412,-117.3274338,-19.579,1.44,1.44
33.1266418,-117.3274342,-19.572,1.418,1.44
33.1266421,-117.3274345,-19.566,1.372,1.42
33.1266427,-117.3274349,-19.532,1.386,1.37
33.1266436,-117.3274354,-19.518,1.445,1.39
33.1266445,-117.3274356,-19.499,1.492,1.45
33.1266454,-117.3274359,-19.462,1.511,1.49
33.126646,-117.3274363,-19.465,1.516,1.51
33.1266463,-117.3274366,-19.494,1.473,1.52
33.1266465,-117.3274368,-19.505,1.403,1.47
33.1266475,-117.3274372,-19.462,1.416,1.4
33.1266485,-117.3274375,-19.371,1.421,1.42
33.1266489,-117.3274379,-19.323,1.395,1.42
33.1266492,-117.327438,-19.33,1.357,1.4
33.1266495,-117.3274381,-19.357,1.322,1.36
33.1266504,-117.3274383,-19.356,1.363,1.32
33.1266512,-117.3274384,-19.327,1.39,1.36
33.1266515,-117.3274386,-19.342,1.343,1.39
33.1266518,-117.3274388,-19.354,1.294,1.34
33.1266522,-117.3274387,-19.351,1.241,1.29
33.1266527,-117.3274387,-19.339,1.196,1.24
33.1266532,-117.3274386,-19.322,1.173,1.2
33.1266537,-117.3274385,-19.303,1.145,1.17
33.1266543,-117.3274383,-19.288,1.124,1.15
33.1266544,-117.327438,-19.287,1.07,1.13
33.1266543,-117.327438,-19.249,0.994,1.07
33.1266541,-117.3274379,-19.202,0.922,1.0
33.1266545,-117.3274379,-19.13,0.893,0.92
33.1266551,-117.3274377,-19.059,0.922,0.9
33.1266554,-117.3274375,-19.062,0.931,0.93
33.1266552,-117.3274372,-19.098,0.875,0.93
33.1266551,-117.3274371,-19.126,0.809,0.88
33.126655,-117.327437,-19.133,0.74,0.81
33.1266549,-117.3274369,-19.126,0.673,0.74
33.1266548,-117.3274368,-19.14,0.609,0.68
33.1266546,-117.3274367,-19.154,0.552,0.61
33.1266546,-117.3274366,-19.121,0.509,0.56
33.1266547,-117.3274366,-19.09,0.476,0.51
33.1266547,-117.3274365,-19.092,0.449,0.48
33.1266546,-117.3274365,-19.088,0.406,0.46
33.1266545,-117.3274364,-19.067,0.358,0.41
33.1266544,-117.3274364,-19.037,0.315,0.37
33.1266542,-117.3274366,-19.027,0.252,0.33
33.1266538,-117.3274366,-19.043,0.2,0.26
33.1266536,-117.3274369,-19.039,0.181,0.22
33.1266533,-117.3274372,-19.042,0.21,0.2
33.1266531,-117.3274374,-19.04,0.234,0.22
33.1266528,-117.3274376,-19.029,0.262,0.25
33.1266525,-117.3274379,-18.987,0.282,0.27
33.1266522,-117.3274381,-18.964,0.297,0.29
33.1266519,-117.3274384,-18.957,0.341,0.31
33.1266517,-117.3274386,-18.953,0.356,0.35
33.1266514,-117.3274387,-18.947,0.357,0.36
33.1266506,-117.327439,-18.978,0.469,0.37
33.12665,-117.3274392,-18.98,0.511,0.47
33.1266496,-117.3274393,-18.955,0.469,0.52
33.1266492,-117.3274393,-18.937,0.434,0.47
33.1266486,-117.3274394,-18.927,0.442,0.44
33.1266481,-117.3274393,-18.925,0.435,0.45
33.1266478,-117.3274392,-18.938,0.415,0.44
33.1266473,-117.327439,-18.95,0.414,0.42
33.1266467,-117.3274389,-18.961,0.441,0.42
33.1266462,-117.3274388,-18.939,0.486,0.45
33.1266458,-117.3274386,-18.904,0.554,0.49
33.1266453,-117.3274385,-18.935,0.567,0.56
33.1266445,-117.3274382,-18.954,0.623,0.57
33.126644,-117.327438,-18.978,0.648,0.63
33.1266434,-117.3274376,-18.973,0.689,0.65
33.1266427,-117.3274374,-18.926,0.72,0.69
33.1266421,-117.3274371,-18.921,0.716,0.72
33.1266416,-117.3274367,-18.955,0.754,0.72
33.1266409,-117.3274363,-18.971,0.803,0.76
33.1266401,-117.3274359,-18.955,0.882,0.81
33.1266394,-117.3274356,-18.947,0.931,0.89
33.1266388,-117.3274353,-18.973,0.95,0.94
33.1266353,-117.3274339,-19.216,1.254,0.95
33.1266329,-117.327433,-19.362,1.43,1.25
33.1266315,-117.3274324,-19.424,1.471,1.43
33.1266306,-117.3274318,-19.449,1.471,1.47
33.1266298,-117.3274316,-19.483,1.402,1.47
33.1266287,-117.3274311,-19.497,1.432,1.4
33.1266277,-117.3274305,-19.513,1.47,1.43
33.1266265,-117.32743,-19.551,1.526,1.47
33.1266255,-117.3274296,-19.584,1.537,1.53
33.1266245,-117.327429,-19.625,1.539,1.54
33.1266234,-117.3274285,-19.68,1.565,1.54
33.1266224,-117.327428,-19.692,1.576,1.57
33.1266214,-117.3274275,-19.68,1.584,1.58
33.1266204,-117.3274269,-19.694,1.609,1.58
33.1266195,-117.3274264,-19.691,1.591,1.61
33.1266187,-117.3274259,-19.725,1.547,1.59
33.1266177,-117.3274256,-19.743,1.546,1.55
33.1266165,-117.327425,-19.792,1.569,1.55
33.1266154,-117.3274245,-19.796,1.569,1.57
33.1266144,-117.327424,-19.802,1.608,1.57
33.1266135,-117.3274237,-19.828,1.63,1.61
33.1266126,-117.3274233,-19.792,1.641,1.63
33.1266118,-117.3274228,-19.779,1.631,1.64
33.126611,-117.3274224,-19.764,1.617,1.63
33.1266103,-117.3274222,-19.729,1.593,1.62
33.1266095,-117.3274218,-19.744,1.594,1.59
33.1266087,-117.3274213,-19.767,1.615,1.59
33.1266078,-117.3274207,-19.796,1.633,1.62
33.1266069,-117.3274201,-19.777,1.676,1.63
33.126606,-117.3274196,-19.782,1.704,1.68
33.1266051,-117.3274192,-19.811,1.689,1.7
33.1266043,-117.3274186,-19.832,1.692,1.69
33.1266035,-117.3274182,-19.879,1.662,1.69
33.1266028,-117.3274177,-19.905,1.632,1.66
33.126602,-117.3274173,-19.895,1.612,1.63
33.1266011,-117.327417,-19.916,1.609,1.61
33.1266003,-117.3274166,-19.927,1.613,1.61
33.1265994,-117.3274161,-19.941,1.633,1.61
33.1265985,-117.3274156,-19.953,1.641,1.63
33.1265975,-117.3274151,-19.975,1.692,1.64
33.1265966,-117.3274147,-19.971,1.7,1.69
33.1265958,-117.3274143,-19.989,1.675,1.7
33.126595,-117.3274139,-20.029,1.661,1.67
33.1265942,-117.3274134,-20.01,1.662,1.66
33.1265934,-117.327413,-19.997,1.673,1.66
33.1265926,-117.3274126,-20.017,1.654,1.67
33.1265919,-117.3274122,-20.072,1.616,1.65
33.1265911,-117.3274117,-20.115,1.649,1.62
33.1265902,-117.3274111,-20.126,1.729,1.65
33.1265894,-117.3274106,-20.133,1.751,1.73
33.1265886,-117.3274102,-20.145,1.709,1.75
33.1265879,-117.3274098,-20.158,1.662,1.71
33.1265871,-117.3274093,-20.203,1.673,1.66
33.1265864,-117.327409,-20.233,1.625,1.67
33.1265856,-117.3274087,-20.235,1.611,1.62
33.1265849,-117.3274083,-20.237,1.597,1.61
33.1265841,-117.3274078,-20.258,1.638,1.6
33.1265832,-117.3274073,-20.275,1.696,1.64
33.1265823,-117.3274069,-20.302,1.726,1.7
33.1265815,-117.3274066,-20.311,1.708,1.73
33.1265807,-117.3274063,-20.34,1.687,1.71
33.1265798,-117.3274059,-20.312,1.729,1.69
33.126579,-117.3274055,-20.283,1.739,1.73
33.1265782,-117.3274052,-20.303,1.692,1.74
33.1265775,-117.3274049,-20.303,1.652,1.69
33.1265766,-117.3274046,-20.285,1.691,1.65
33.1265757,-117.3274041,-20.276,1.767,1.69
33.1265748,-117.3274037,-20.293,1.784,1.77
33.1265742,-117.3274033,-20.315,1.716,1.78
33.1265734,-117.3274031,-20.312,1.675,1.72
33.1265727,-117.3274028,-20.299,1.626,1.68
33.126572,-117.3274024,-20.29,1.633,1.63
33.1265712,-117.3274021,-20.307,1.626,1.63
33.1265705,-117.3274018,-20.319,1.611,1.63
33.1265697,-117.3274016,-20.292,1.598,1.61
33.1265689,-117.3274012,-20.29,1.627,1.6
33.1265681,-117.3274008,-20.323,1.667,1.63
33.1265673,-117.3274004,-20.339,1.71,1.67
33.1265665,-117.3274,-20.323,1.71,1.71
33.1265658,-117.3273996,-20.323,1.686,1.71
33.126565,-117.3273993,-20.324,1.684,1.69
33.1265641,-117.327399,-20.304,1.694,1.68
33.1265635,-117.3273985,-20.326,1.65,1.69
33.1265628,-117.327398,-20.328,1.626,1.65
33.1265621,-117.3273975,-20.336,1.652,1.63
33.1265614,-117.327397,-20.33,1.666,1.65
33.1265606,-117.3273967,-20.335,1.663,1.67
33.12656,-117.3273963,-20.365,1.631,1.66
33.1265592,-117.3273958,-20.36,1.651,1.63
33.1265585,-117.3273953,-20.371,1.648,1.65
33.1265579,-117.327395,-20.362,1.598,1.65
33.1265572,-117.3273947,-20.347,1.567,1.6
33.1265565,-117.3273943,-20.356,1.544,1.57
33.1265558,-117.3273939,-20.385,1.565,1.54
33.1265551,-117.3273935,-20.387,1.581,1.57
33.1265544,-117.327393,-20.394,1.607,1.58
33.1265537,-117.3273927,-20.389,1.616,1.61
33.126553,-117.3273924,-20.394,1.597,1.62
33.1265524,-117.3273922,-20.437,1.56,1.6
33.1265517,-117.3273919,-20.416,1.572,1.56
33.1265509,-117.3273914,-20.425,1.599,1.57
33.1265502,-117.327391,-20.425,1.603,1.6
33.1265495,-117.3273905,-20.437,1.629,1.6
33.1265488,-117.3273901,-20.44,1.632,1.63
33.1265481,-117.3273897,-20.454,1.638,1.63
33.1265474,-117.3273893,-20.478,1.645,1.64
33.1265467,-117.3273889,-20.477,1.64,1.65
33.126546,-117.3273886,-20.461,1.63,1.64
33.1265453,-117.3273882,-20.458,1.634,1.63
33.1265446,-117.3273879,-20.455,1.606,1.63
33.126544,-117.3273876,-20.465,1.574,1.61
33.1265433,-117.3273873,-20.484,1.568,1.57
33.1265425,-117.327387,-20.498,1.576,1.57
33.1265418,-117.3273865,-20.506,1.599,1.58
33.126541,-117.327386,-20.488,1.639,1.6
33.1265402,-117.3273855,-20.514,1.661,1.64
33.1265396,-117.3273853,-20.525,1.605,1.66
33.1265388,-117.3273852,-20.545,1.591,1.61
33.126538,-117.3273848,-20.539,1.63,1.59
33.1265371,-117.3273845,-20.53,1.65,1.63
33.1265365,-117.3273841,-20.547,1.622,1.65
33.1265358,-117.3273837,-20.587,1.615,1.62
33.126535,-117.3273834,-20.584,1.625,1.62
33.1265342,-117.3273829,-20.61,1.663,1.63
33.1265334,-117.3273824,-20.632,1.711,1.66
33.1265327,-117.3273819,-20.644,1.725,1.71
33.1265319,-117.3273816,-20.634,1.696,1.73
33.1265312,-117.3273812,-20.64,1.644,1.7
33.1265305,-117.3273808,-20.655,1.614,1.64
33.1265298,-117.3273804,-20.656,1.612,1.61
33.126529,-117.32738,-20.659,1.632,1.61
33.1265283,-117.3273797,-20.681,1.635,1.63
33.1265276,-117.3273794,-20.697,1.626,1.64
33.1265269,-117.327379,-20.7,1.638,1.63
33.1265262,-117.3273787,-20.732,1.631,1.64
33.1265253,-117.3273783,-20.726,1.649,1.63
33.1265244,-117.3273778,-20.702,1.674,1.65
33.1265236,-117.3273774,-20.705,1.666,1.67
33.1265228,-117.327377,-20.716,1.656,1.67
33.1265221,-117.3273766,-20.732,1.655,1.66
33.1265213,-117.3273762,-20.747,1.674,1.66
33.1265206,-117.3273757,-20.768,1.709,1.67
33.12652,-117.3273753,-20.785,1.672,1.71
33.1265192,-117.3273749,-20.773,1.71,1.67
33.1265183,-117.3273744,-20.773,1.756,1.71
33.1265175,-117.327374,-20.793,1.725,1.76
33.1265169,-117.3273737,-20.786,1.658,1.73
33.1265162,-117.3273736,-20.753,1.601,1.66
33.1265152,-117.3273732,-20.761,1.633,1.6
33.1265146,-117.3273729,-20.78,1.629,1.63
33.1265139,-117.3273725,-20.815,1.645,1.63
33.1265131,-117.3273721,-20.823,1.67,1.65
33.1265124,-117.3273717,-20.836,1.675,1.67
33.1265117,-117.3273714,-20.851,1.652,1.68
33.1265111,-117.327371,-20.873,1.632,1.65
33.1265103,-117.3273707,-20.902,1.625,1.63
33.1265094,-117.3273702,-20.898,1.652,1.63
33.1265085,-117.3273697,-20.884,1.668,1.65
33.1265078,-117.3273692,-20.893,1.664,1.67
33.1265071,-117.3273688,-20.912,1.657,1.66
33.1265065,-117.3273684,-20.93,1.654,1.66
33.1265059,-117.327368,-20.957,1.667,1.65
33.1265051,-117.3273673,-20.973,1.731,1.67
33.1265044,-117.3273668,-20.997,1.735,1.73
33.1265038,-117.3273665,-21.021,1.645,1.74
33.1265032,-117.3273662,-21.043,1.601,1.65
33.1265026,-117.3273658,-21.023,1.591,1.6
33.1265017,-117.3273653,-20.999,1.641,1.59
33.1265011,-117.3273648,-21.039,1.627,1.64
33.1265005,-117.3273644,-21.06,1.607,1.63
33.1264999,-117.3273639,-21.067,1.635,1.61
33.1264992,-117.3273633,-21.084,1.712,1.64
33.1264987,-117.3273629,-21.086,1.63,1.71
33.1264981,-117.3273625,-21.082,1.593,1.63
33.1264973,-117.3273619,-21.09,1.623,1.59
33.1264966,-117.3273613,-21.091,1.673,1.62
33.1264959,-117.3273607,-21.109,1.696,1.67
33.1264954,-117.3273601,-21.101,1.658,1.7
33.1264948,-117.3273595,-21.087,1.645,1.66
33.1264942,-117.3273589,-21.114,1.66,1.64
33.1264937,-117.3273582,-21.112,1.663,1.66
33.1264932,-117.3273576,-21.115,1.647,1.66
33.1264926,-117.3273569,-21.093,1.664,1.65
33.1264922,-117.3273561,-21.144,1.671,1.66
33.1264919,-117.3273553,-21.196,1.64,1.67
33.1264913,-117.3273546,-21.158,1.624,1.64
33.1264909,-117.3273539,-21.148,1.61,1.62
33.1264906,-117.3273531,-21.167,1.576,1.61
33.1264902,-117.3273524,-21.158,1.55,1.58
33.12649,-117.3273516,-21.135,1.544,1.55
33.1264899,-117.3273508,-21.122,1.53,1.54
33.1264897,-117.3273499,-21.121,1.539,1.53
33.1264895,-117.3273489,-21.138,1.572,1.54
33.1264892,-117.327348,-21.162,1.581,1.57
33.1264892,-117.3273472,-21.159,1.534,1.58
33.1264892,-117.3273465,-21.169,1.5,1.53
33.1264892,-117.3273456,-21.168,1.513,1.5
33.1264893,-117.3273447,-21.159,1.505,1.51
33.1264893,-117.3273438,-21.125,1.526,1.5
33.1264894,-117.327343,-21.128,1.534,1.53
33.1264896,-117.3273421,-21.12,1.53,1.53
33.1264897,-117.3273412,-21.12,1.541,1.53
33.1264897,-117.3273403,-21.119,1.539,1.54
33.1264897,-117.3273395,-21.116,1.489,1.54
33.1264899,-117.3273388,-21.118,1.449,1.49
33.1264901,-117.327338,-21.132,1.413,1.45
33.1264902,-117.3273371,-21.132,1.441,1.41
33.1264903,-117.3273362,-21.132,1.476,1.44
33.1264905,-117.3273354,-21.148,1.473,1.48
33.1264906,-117.3273345,-21.165,1.483,1.47
33.1264909,-117.3273336,-21.148,1.507,1.48
33.126491,-117.3273327,-21.143,1.548,1.51
33.1264912,-117.3273317,-21.158,1.57,1.55
33.1264913,-117.3273308,-21.162,1.565,1.57
33.1264916,-117.3273299,-21.168,1.587,1.56
33.1264918,-117.327329,-21.161,1.588,1.59
33.1264918,-117.3273281,-21.163,1.565,1.59
33.126492,-117.3273273,-21.148,1.558,1.57
33.1264924,-117.3273265,-21.137,1.56,1.56
33.1264927,-117.3273256,-21.133,1.579,1.56
33.1264929,-117.3273247,-21.119,1.581,1.58
33.1264932,-117.327324,-21.121,1.549,1.58
33.1264936,-117.3273232,-21.117,1.546,1.55
33.1264941,-117.3273225,-21.108,1.514,1.55
33.1264945,-117.3273218,-21.096,1.515,1.51
33.1264947,-117.327321,-21.09,1.496,1.51
33.126495,-117.3273202,-21.084,1.514,1.5
33.1264952,-117.3273193,-21.075,1.527,1.51
33.1264954,-117.3273186,-21.079,1.484,1.53
33.1264958,-117.3273179,-21.092,1.48,1.48
33.1264961,-117.327317,-21.104,1.511,1.48
33.1264963,-117.3273161,-21.109,1.528,1.51
33.1264966,-117.3273152,-21.1,1.559,1.53
33.1264968,-117.3273144,-21.083,1.553,1.56
33.1264971,-117.3273135,-21.078,1.559,1.55
33.1264973,-117.3273128,-21.064,1.53,1.56
33.1264976,-117.327312,-21.063,1.54,1.53
33.1264979,-117.3273112,-21.052,1.521,1.54
33.1264981,-117.3273105,-21.05,1.521,1.52
33.1264984,-117.3273097,-21.067,1.513,1.52
33.1264988,-117.327309,-21.102,1.504,1.51
33.1264991,-117.3273082,-21.11,1.503,1.5
33.1264995,-117.3273074,-21.091,1.512,1.5
33.1264998,-117.3273067,-21.061,1.496,1.51
33.1265001,-117.3273059,-21.03,1.489,1.5
33.1265004,-117.3273052,-21.032,1.48,1.49
33.1265007,-117.3273046,-21.022,1.451,1.48
33.126501,-117.3273038,-21.008,1.465,1.45
33.1265012,-117.327303,-21.011,1.471,1.47
33.1265015,-117.3273022,-21.021,1.485,1.47
33.1265019,-117.3273014,-21.023,1.513,1.48
33.1265022,-117.3273006,-21.015,1.506,1.51
33.1265025,-117.3272998,-20.99,1.517,1.51
33.1265027,-117.327299,-20.968,1.508,1.52
33.126503,-117.3272982,-20.964,1.509,1.51
33.1265034,-117.3272974,-20.958,1.524,1.51
33.1265037,-117.3272967,-20.938,1.522,1.52
33.1265041,-117.3272959,-20.939,1.532,1.52
33.1265045,-117.3272951,-20.943,1.535,1.53
33.1265049,-117.3272943,-20.963,1.532,1.54
33.1265053,-117.3272936,-20.981,1.508,1.53
33.1265056,-117.3272929,-20.993,1.495,1.51
33.126506,-117.327292,-20.964,1.534,1.5
33.1265062,-117.3272911,-20.914,1.554,1.53
33.1265065,-117.3272903,-20.904,1.521,1.56
33.1265069,-117.3272896,-20.922,1.496,1.52
33.1265071,-117.3272888,-20.914,1.493,1.5
33.1265074,-117.327288,-20.92,1.486,1.49
33.1265078,-117.3272872,-20.918,1.502,1.49
33.1265082,-117.3272864,-20.922,1.513,1.5
33.1265085,-117.3272855,-20.932,1.551,1.51
33.1265089,-117.3272846,-20.928,1.58,1.55
33.126509,-117.3272837,-20.885,1.557,1.58
33.1265093,-117.3272829,-20.854,1.556,1.56
33.1265097,-117.3272821,-20.864,1.562,1.56
33.12651,-117.3272813,-20.878,1.544,1.56
33.1265103,-117.3272805,-20.866,1.553,1.54
33.1265107,-117.3272797,-20.855,1.558,1.55
33.1265111,-117.3272789,-20.888,1.58,1.56
33.1265114,-117.3272781,-20.914,1.557,1.58
33.1265117,-117.3272773,-20.894,1.547,1.56
33.126512,-117.3272764,-20.866,1.547,1.55
33.1265123,-117.3272756,-20.855,1.566,1.55
33.1265126,-117.3272748,-20.861,1.532,1.57
33.1265129,-117.327274,-20.851,1.515,1.53
33.1265131,-117.3272733,-20.83,1.499,1.52
33.1265134,-117.3272725,-20.826,1.488,1.5
33.1265138,-117.3272718,-20.843,1.478,1.49
33.1265142,-117.3272711,-20.881,1.474,1.48
33.1265144,-117.3272702,-20.888,1.487,1.47
33.1265146,-117.3272693,-20.888,1.497,1.49
33.1265148,-117.3272685,-20.857,1.484,1.5
33.1265151,-117.3272678,-20.836,1.472,1.48
33.1265154,-117.3272671,-20.824,1.451,1.47
33.1265157,-117.3272664,-20.87,1.408,1.45
33.126516,-117.3272659,-20.891,1.35,1.41
33.1265163,-117.3272651,-20.853,1.353,1.35
33.1265166,-117.3272646,-20.846,1.314,1.35
33.1265168,-117.327264,-20.87,1.277,1.31
33.1265171,-117.3272635,-20.858,1.229,1.28
33.1265174,-117.327263,-20.828,1.191,1.23
33.1265176,-117.3272625,-20.81,1.145,1.19
33.1265179,-117.327262,-20.815,1.112,1.15
33.1265181,-117.3272614,-20.822,1.117,1.11
33.1265185,-117.327261,-20.808,1.078,1.12
33.1265188,-117.3272606,-20.804,1.047,1.08
33.126519,-117.3272601,-20.819,1.033,1.05
